"Name","ID","State","Notes","User","Group","Job Type","Tags","Created","Updated","End Time","Runtime","Sweep","Hostname","Description","Commit","GitHub","GPU Count","GPU Type","encoder-batchsize","encoder-epochs","encoder-hidden-layers","encoder-lr","encoder-min-delta","encoder-patience","source-dataset","target-dataset","encoder-epoch","source-classifier-accuracy","target-classifier-accuracy","% Difference","training-loss","validation-loss","k-hops","model","source-assortativity","source-avg_clustering_coefficient","source-edges","source-nodes","source-transitivity","target-assortativity","target-avg_clustering_coefficient","target-edges","target-nodes","target-transitivity","-early-stopping-epoch","-stopping-epoch","-training-loss","-validation-loss"
"triangle-k2-9","vbcfrvot","finished","-","niklasdewally","Run: 20230529T1109","","","2023-05-30T01:24:58.000Z","2023-05-30T01:37:27.000Z","2023-05-30T01:37:27.000Z","749","","84346a77f289","","","","1","NVIDIA GeForce RTX 3060","50","100","32","0.01","0.01","10","europe","brazil","","0.63","0.7938931297709924","26.01478250333212","","","2","triangle","-0.22479390365950935","0.5392721549504013","5995","399","0.3336572559883388","-0.23919103725632007","0.6363550051815452","1074","131","0.44974650483945305","11","","-8.86099910736084","10.001935958862305"
"triangle-k2-8","h55tsg4t","finished","-","niklasdewally","Run: 20230529T1109","","","2023-05-30T01:00:55.000Z","2023-05-30T01:24:56.000Z","2023-05-30T01:24:56.000Z","1441","","84346a77f289","","","","1","NVIDIA GeForce RTX 3060","50","100","32","0.01","0.01","10","europe","brazil","","0.52","0.7175572519083969","37.99177921315325","","","2","triangle","-0.22479390365950935","0.5392721549504013","5995","399","0.3336572559883388","-0.23919103725632007","0.6363550051815452","1074","131","0.44974650483945305","32","","-9.270624160766602","-1.077099323272705"
"triangle-k2-7","vopeabpv","finished","-","niklasdewally","Run: 20230529T1109","","","2023-05-30T00:47:44.000Z","2023-05-30T01:00:53.000Z","2023-05-30T01:00:53.000Z","789","","84346a77f289","","","","1","NVIDIA GeForce RTX 3060","50","100","32","0.01","0.01","10","europe","brazil","","0.47","0.6946564885496184","47.799252882897534","","","2","triangle","-0.22479390365950935","0.5392721549504013","5995","399","0.3336572559883388","-0.23919103725632007","0.6363550051815452","1074","131","0.44974650483945305","12","","-8.7731351852417","5.0445146560668945"
"triangle-k2-6","vsa0kt1d","finished","-","niklasdewally","Run: 20230529T1109","","","2023-05-30T00:33:24.000Z","2023-05-30T00:47:42.000Z","2023-05-30T00:47:42.000Z","858","","84346a77f289","","","","1","NVIDIA GeForce RTX 3060","50","100","32","0.01","0.01","10","europe","brazil","","0.5","0.6946564885496184","38.93129770992368","","","2","triangle","-0.22479390365950935","0.5392721549504013","5995","399","0.3336572559883388","-0.23919103725632007","0.6363550051815452","1074","131","0.44974650483945305","14","","-9.062981605529783","1.5247557163238523"
"triangle-k2-5","vxk84hht","finished","-","niklasdewally","Run: 20230529T1109","","","2023-05-30T00:24:01.000Z","2023-05-30T00:33:22.000Z","2023-05-30T00:33:22.000Z","561","","84346a77f289","","","","1","NVIDIA GeForce RTX 3060","50","100","32","0.01","0.01","10","europe","brazil","","0.58","0.7557251908396947","30.29744669649909","","","2","triangle","-0.22479390365950935","0.5392721549504013","5995","399","0.3336572559883388","-0.23919103725632007","0.6363550051815452","1074","131","0.44974650483945305","5","","-9.136089324951172","-0.42691460251808167"
"triangle-k2-4","r1tq1sk2","finished","-","niklasdewally","Run: 20230529T1109","","","2023-05-30T00:13:38.000Z","2023-05-30T00:23:59.000Z","2023-05-30T00:23:59.000Z","621","","84346a77f289","","","","1","NVIDIA GeForce RTX 3060","50","100","32","0.01","0.01","10","europe","brazil","","0.53","0.6259541984732825","18.104565749675935","","","2","triangle","-0.22479390365950935","0.5392721549504013","5995","399","0.3336572559883388","-0.23919103725632007","0.6363550051815452","1074","131","0.44974650483945305","7","","-8.921910285949707","7.118976593017578"
"triangle-k2-3","dlyl01iq","finished","-","niklasdewally","Run: 20230529T1109","","","2023-05-30T00:05:23.000Z","2023-05-30T00:13:36.000Z","2023-05-30T00:13:36.000Z","493","","84346a77f289","","","","1","NVIDIA GeForce RTX 3060","50","100","32","0.01","0.01","10","europe","brazil","","0.57","0.7480916030534351","31.24414088656758","","","2","triangle","-0.22479390365950935","0.5392721549504013","5995","399","0.3336572559883388","-0.23919103725632007","0.6363550051815452","1074","131","0.44974650483945305","3","","-8.276232719421387","4.44019889831543"
"triangle-k2-2","wczpia53","finished","-","niklasdewally","Run: 20230529T1109","","","2023-05-29T23:41:47.000Z","2023-05-30T00:05:20.000Z","2023-05-30T00:05:20.000Z","1413","","84346a77f289","","","","1","NVIDIA GeForce RTX 3060","50","100","32","0.01","0.01","10","europe","brazil","","0.44","0.648854961832061","47.46703678001387","","","2","triangle","-0.22479390365950935","0.5392721549504013","5995","399","0.3336572559883388","-0.23919103725632007","0.6363550051815452","1074","131","0.44974650483945305","31","","-8.604560852050781","11.169052124023438"
"triangle-k2-1","gifisx98","finished","-","niklasdewally","Run: 20230529T1109","","","2023-05-29T23:30:14.000Z","2023-05-29T23:41:45.000Z","2023-05-29T23:41:45.000Z","691","","84346a77f289","","","","1","NVIDIA GeForce RTX 3060","50","100","32","0.01","0.01","10","europe","brazil","","0.55","0.6870229007633588","24.913254684247047","","","2","triangle","-0.22479390365950935","0.5392721549504013","5995","399","0.3336572559883388","-0.23919103725632007","0.6363550051815452","1074","131","0.44974650483945305","9","","-9.160476684570312","3.206709146499634"
"triangle-k2-0","xssilxdg","finished","-","niklasdewally","Run: 20230529T1109","","","2023-05-29T23:13:09.000Z","2023-05-29T23:30:12.000Z","2023-05-29T23:30:12.000Z","1023","","84346a77f289","","","","1","NVIDIA GeForce RTX 3060","50","100","32","0.01","0.01","10","europe","brazil","","0.59","0.6564885496183206","11.269245698020445","","","2","triangle","-0.22479390365950935","0.5392721549504013","5995","399","0.3336572559883388","-0.23919103725632007","0.6363550051815452","1074","131","0.44974650483945305","9","","-9.531489372253418","-0.7827192544937134"
"egi-k3-9","29da7jug","finished","-","niklasdewally","Run: 20230529T1109","","","2023-05-29T23:09:24.000Z","2023-05-29T23:13:06.000Z","2023-05-29T23:13:06.000Z","222","","84346a77f289","","","","1","NVIDIA GeForce RTX 3060","50","100","32","0.01","0.01","10","europe","brazil","","0.58","0.6793893129770993","17.136088444327466","","","3","egi","-0.22479390365950935","0.5392721549504013","5995","399","0.3336572559883388","-0.23919103725632007","0.6363550051815452","1074","131","0.44974650483945305","28","","-3.204826593399048","0.012936890125274658"
"egi-k3-8","e1hevin3","finished","-","niklasdewally","Run: 20230529T1109","","","2023-05-29T23:07:00.000Z","2023-05-29T23:09:21.000Z","2023-05-29T23:09:21.000Z","141","","84346a77f289","","","","1","NVIDIA GeForce RTX 3060","50","100","32","0.01","0.01","10","europe","brazil","","0.53","0.7480916030534351","41.14935906668587","","","3","egi","-0.22479390365950935","0.5392721549504013","5995","399","0.3336572559883388","-0.23919103725632007","0.6363550051815452","1074","131","0.44974650483945305","13","","-1.4386909008026123","0.34654200077056885"
"egi-k3-7","s90rcx7c","finished","-","niklasdewally","Run: 20230529T1109","","","2023-05-29T23:05:26.000Z","2023-05-29T23:06:58.000Z","2023-05-29T23:06:58.000Z","92","","84346a77f289","","","","1","NVIDIA GeForce RTX 3060","50","100","32","0.01","0.01","10","europe","brazil","","0.55","0.6259541984732825","13.809854267869534","","","3","egi","-0.22479390365950935","0.5392721549504013","5995","399","0.3336572559883388","-0.23919103725632007","0.6363550051815452","1074","131","0.44974650483945305","4","","-1.927274703979492","1.2925641536712646"
"egi-k3-6","h431hdci","finished","-","niklasdewally","Run: 20230529T1109","","","2023-05-29T23:01:25.000Z","2023-05-29T23:05:23.000Z","2023-05-29T23:05:23.000Z","238","","84346a77f289","","","","1","NVIDIA GeForce RTX 3060","50","100","32","0.01","0.01","10","europe","brazil","","0.52","0.6564885496183206","26.247798003523187","","","3","egi","-0.22479390365950935","0.5392721549504013","5995","399","0.3336572559883388","-0.23919103725632007","0.6363550051815452","1074","131","0.44974650483945305","31","","-3.137947797775269","0.29466280341148376"
"egi-k3-5","za3nks8c","finished","-","niklasdewally","Run: 20230529T1109","","","2023-05-29T22:59:19.000Z","2023-05-29T23:01:23.000Z","2023-05-29T23:01:23.000Z","124","","84346a77f289","","","","1","NVIDIA GeForce RTX 3060","50","100","32","0.01","0.01","10","europe","brazil","","0.55","0.7938931297709924","44.34420541290769","","","3","egi","-0.22479390365950935","0.5392721549504013","5995","399","0.3336572559883388","-0.23919103725632007","0.6363550051815452","1074","131","0.44974650483945305","10","","-1.2735228538513184","-0.13131345808506012"
"egi-k3-4","69wr604q","finished","-","niklasdewally","Run: 20230529T1109","","","2023-05-29T22:55:52.000Z","2023-05-29T22:59:17.000Z","2023-05-29T22:59:17.000Z","205","","84346a77f289","","","","1","NVIDIA GeForce RTX 3060","50","100","32","0.01","0.01","10","europe","brazil","","0.52","0.7099236641221374","36.52378156194949","","","3","egi","-0.22479390365950935","0.5392721549504013","5995","399","0.3336572559883388","-0.23919103725632007","0.6363550051815452","1074","131","0.44974650483945305","25","","-2.2387471199035645","2.107619524002075"
"egi-k3-3","jud7it9y","finished","-","niklasdewally","Run: 20230529T1109","","","2023-05-29T22:54:02.000Z","2023-05-29T22:55:50.000Z","2023-05-29T22:55:50.000Z","108","","84346a77f289","","","","1","NVIDIA GeForce RTX 3060","50","100","32","0.01","0.01","10","europe","brazil","","0.41","0.732824427480916","78.73766523924782","","","3","egi","-0.22479390365950935","0.5392721549504013","5995","399","0.3336572559883388","-0.23919103725632007","0.6363550051815452","1074","131","0.44974650483945305","7","","-1.8429123163223269","1.802234172821045"
"egi-k3-2","u2t4o1cn","finished","-","niklasdewally","Run: 20230529T1109","","","2023-05-29T22:50:40.000Z","2023-05-29T22:54:00.000Z","2023-05-29T22:54:00.000Z","200","","84346a77f289","","","","1","NVIDIA GeForce RTX 3060","50","100","32","0.01","0.01","10","europe","brazil","","0.47","0.6412213740458015","36.43007958421309","","","3","egi","-0.22479390365950935","0.5392721549504013","5995","399","0.3336572559883388","-0.23919103725632007","0.6363550051815452","1074","131","0.44974650483945305","24","","-3.4109458923339844","0.8974392414093018"
"egi-k3-1","f205qw8n","finished","-","niklasdewally","Run: 20230529T1109","","","2023-05-29T22:46:53.000Z","2023-05-29T22:50:38.000Z","2023-05-29T22:50:38.000Z","225","","84346a77f289","","","","1","NVIDIA GeForce RTX 3060","50","100","32","0.01","0.01","10","europe","brazil","","0.57","0.6717557251908397","17.851881612428027","","","3","egi","-0.22479390365950935","0.5392721549504013","5995","399","0.3336572559883388","-0.23919103725632007","0.6363550051815452","1074","131","0.44974650483945305","29","","-1.9675636291503904","1.0965800285339355"
"egi-k3-0","wee3mqgf","finished","-","niklasdewally","Run: 20230529T1109","","","2023-05-29T22:44:18.000Z","2023-05-29T22:46:51.000Z","2023-05-29T22:46:51.000Z","153","","84346a77f289","","","","1","NVIDIA GeForce RTX 3060","50","100","32","0.01","0.01","10","europe","brazil","","0.49","0.6641221374045801","35.53513008256738","","","3","egi","-0.22479390365950935","0.5392721549504013","5995","399","0.3336572559883388","-0.23919103725632007","0.6363550051815452","1074","131","0.44974650483945305","15","","-1.9211889505386353","-0.12812653183937073"
"egi-k4-9","p3047efk","finished","-","niklasdewally","Run: 20230529T1109","","","2023-05-29T22:40:02.000Z","2023-05-29T22:44:16.000Z","2023-05-29T22:44:16.000Z","254","","84346a77f289","","","","1","NVIDIA GeForce RTX 3060","50","100","32","0.01","0.01","10","europe","brazil","","0.53","0.6412213740458015","20.98516491430216","","","4","egi","-0.22479390365950935","0.5392721549504013","5995","399","0.3336572559883388","-0.23919103725632007","0.6363550051815452","1074","131","0.44974650483945305","14","","-2.5770387649536133","-0.018969476222991943"
"egi-k4-8","gmp1ukj8","finished","-","niklasdewally","Run: 20230529T1109","","","2023-05-29T22:35:34.000Z","2023-05-29T22:40:00.000Z","2023-05-29T22:40:00.000Z","266","","84346a77f289","","","","1","NVIDIA GeForce RTX 3060","50","100","32","0.01","0.01","10","europe","brazil","","0.53","0.732824427480916","38.26875990205962","","","4","egi","-0.22479390365950935","0.5392721549504013","5995","399","0.3336572559883388","-0.23919103725632007","0.6363550051815452","1074","131","0.44974650483945305","15","","-2.605107307434082","-0.4604541063308716"
"egi-k4-7","8gsdymvi","finished","-","niklasdewally","Run: 20230529T1109","","","2023-05-29T22:30:44.000Z","2023-05-29T22:35:32.000Z","2023-05-29T22:35:32.000Z","288","","84346a77f289","","","","1","NVIDIA GeForce RTX 3060","50","100","32","0.01","0.01","10","europe","brazil","","0.42","0.7480916030534351","78.117048346056","","","4","egi","-0.22479390365950935","0.5392721549504013","5995","399","0.3336572559883388","-0.23919103725632007","0.6363550051815452","1074","131","0.44974650483945305","17","","-3.923092842102051","-0.2268657088279724"
"egi-k4-6","7p0rklmh","finished","-","niklasdewally","Run: 20230529T1109","","","2023-05-29T22:26:27.000Z","2023-05-29T22:30:42.000Z","2023-05-29T22:30:42.000Z","255","","84346a77f289","","","","1","NVIDIA GeForce RTX 3060","50","100","32","0.01","0.01","10","europe","brazil","","0.54","0.6259541984732825","15.917444161718972","","","4","egi","-0.22479390365950935","0.5392721549504013","5995","399","0.3336572559883388","-0.23919103725632007","0.6363550051815452","1074","131","0.44974650483945305","14","","-1.0284028053283691","57.39655685424805"
"egi-k4-5","s1edoqms","finished","-","niklasdewally","Run: 20230529T1109","","","2023-05-29T22:20:15.000Z","2023-05-29T22:26:25.000Z","2023-05-29T22:26:25.000Z","370","","84346a77f289","","","","1","NVIDIA GeForce RTX 3060","50","100","32","0.01","0.01","10","europe","brazil","","0.51","0.6717557251908397","31.71680886094896","","","4","egi","-0.22479390365950935","0.5392721549504013","5995","399","0.3336572559883388","-0.23919103725632007","0.6363550051815452","1074","131","0.44974650483945305","26","","-3.6044723987579346","-0.4191527366638184"
"egi-k4-4","ynxjgbtr","finished","-","niklasdewally","Run: 20230529T1109","","","2023-05-29T22:15:55.000Z","2023-05-29T22:20:12.000Z","2023-05-29T22:20:12.000Z","257","","84346a77f289","","","","1","NVIDIA GeForce RTX 3060","50","100","32","0.01","0.01","10","europe","brazil","","0.58","0.7786259541984732","34.24585417215057","","","4","egi","-0.22479390365950935","0.5392721549504013","5995","399","0.3336572559883388","-0.23919103725632007","0.6363550051815452","1074","131","0.44974650483945305","14","","-1.562758207321167","-0.33724597096443176"
"egi-k4-3","tmmuzo48","finished","-","niklasdewally","Run: 20230529T1109","","","2023-05-29T22:09:34.000Z","2023-05-29T22:15:53.000Z","2023-05-29T22:15:53.000Z","379","","84346a77f289","","","","1","NVIDIA GeForce RTX 3060","50","100","32","0.01","0.01","10","europe","brazil","","0.51","0.7709923664122137","51.1749738063164","","","4","egi","-0.22479390365950935","0.5392721549504013","5995","399","0.3336572559883388","-0.23919103725632007","0.6363550051815452","1074","131","0.44974650483945305","27","","-3.4357447624206543","-0.12330514192581175"
"egi-k4-2","lpinr6ju","finished","-","niklasdewally","Run: 20230529T1109","","","2023-05-29T22:06:52.000Z","2023-05-29T22:09:32.000Z","2023-05-29T22:09:32.000Z","160","","84346a77f289","","","","1","NVIDIA GeForce RTX 3060","50","100","32","0.01","0.01","10","europe","brazil","","0.44","0.6335877862595419","43.99722414989589","","","4","egi","-0.22479390365950935","0.5392721549504013","5995","399","0.3336572559883388","-0.23919103725632007","0.6363550051815452","1074","131","0.44974650483945305","4","","-1.130385398864746","0.0985300838947296"
"egi-k4-1","v8nctwl4","finished","-","niklasdewally","Run: 20230529T1109","","","2023-05-29T22:02:21.000Z","2023-05-29T22:06:49.000Z","2023-05-29T22:06:49.000Z","268","","84346a77f289","","","","1","NVIDIA GeForce RTX 3060","50","100","32","0.01","0.01","10","europe","brazil","","0.43","0.7175572519083969","66.87377951358067","","","4","egi","-0.22479390365950935","0.5392721549504013","5995","399","0.3336572559883388","-0.23919103725632007","0.6363550051815452","1074","131","0.44974650483945305","16","","-1.8565163612365725","-0.12342262268066406"
"egi-k4-0","7ly8nmrd","finished","-","niklasdewally","Run: 20230529T1109","","","2023-05-29T21:58:10.000Z","2023-05-29T22:02:18.000Z","2023-05-29T22:02:18.000Z","248","","84346a77f289","","","","1","NVIDIA GeForce RTX 3060","50","100","32","0.01","0.01","10","europe","brazil","","0.49","0.7709923664122137","57.34538090045178","","","4","egi","-0.22479390365950935","0.5392721549504013","5995","399","0.3336572559883388","-0.23919103725632007","0.6363550051815452","1074","131","0.44974650483945305","13","","-3.686806917190552","0.856545627117157"
"egi-k1-9","0waialyy","finished","-","niklasdewally","Run: 20230529T1109","","","2023-05-29T21:57:36.000Z","2023-05-29T21:58:08.000Z","2023-05-29T21:58:08.000Z","32","","84346a77f289","","","","1","NVIDIA GeForce RTX 3060","50","100","32","0.01","0.01","10","europe","brazil","","0.47","0.6183206106870229","31.557576741919775","","","1","egi","-0.22479390365950935","0.5392721549504013","5995","399","0.3336572559883388","-0.23919103725632007","0.6363550051815452","1074","131","0.44974650483945305","34","","-0.7380114197731018","-0.12073923647403716"
"egi-k1-8","vzjo4ojd","finished","-","niklasdewally","Run: 20230529T1109","","","2023-05-29T21:57:21.000Z","2023-05-29T21:57:34.000Z","2023-05-29T21:57:34.000Z","13","","84346a77f289","","","","1","NVIDIA GeForce RTX 3060","50","100","32","0.01","0.01","10","europe","brazil","","0.57","0.7175572519083969","25.887237176911754","","","1","egi","-0.22479390365950935","0.5392721549504013","5995","399","0.3336572559883388","-0.23919103725632007","0.6363550051815452","1074","131","0.44974650483945305","2","","-0.5822374820709229","-0.06260881572961807"
"egi-k1-7","qyp96gj1","finished","-","niklasdewally","Run: 20230529T1109","","","2023-05-29T21:57:00.000Z","2023-05-29T21:57:19.000Z","2023-05-29T21:57:19.000Z","19","","84346a77f289","","","","1","NVIDIA GeForce RTX 3060","50","100","32","0.01","0.01","10","europe","brazil","","0.6","0.6183206106870229","3.053435114503826","","","1","egi","-0.22479390365950935","0.5392721549504013","5995","399","0.3336572559883388","-0.23919103725632007","0.6363550051815452","1074","131","0.44974650483945305","8","","-0.5047377943992615","-0.08467888832092285"
"egi-k1-6","5hhb7jki","finished","-","niklasdewally","Run: 20230529T1109","","","2023-05-29T21:56:40.000Z","2023-05-29T21:56:58.000Z","2023-05-29T21:56:58.000Z","18","","84346a77f289","","","","1","NVIDIA GeForce RTX 3060","50","100","32","0.01","0.01","10","europe","brazil","","0.57","0.7251908396946565","27.22646310432571","","","1","egi","-0.22479390365950935","0.5392721549504013","5995","399","0.3336572559883388","-0.23919103725632007","0.6363550051815452","1074","131","0.44974650483945305","16","","-0.40269753336906433","-0.05922228470444679"
"egi-k1-5","apxczgah","finished","-","niklasdewally","Run: 20230529T1109","","","2023-05-29T21:55:41.000Z","2023-05-29T21:56:38.000Z","2023-05-29T21:56:38.000Z","57","","84346a77f289","","","","1","NVIDIA GeForce RTX 3060","50","100","32","0.01","0.01","10","europe","brazil","","0.56","0.6641221374045801","18.593238822246445","","","1","egi","-0.22479390365950935","0.5392721549504013","5995","399","0.3336572559883388","-0.23919103725632007","0.6363550051815452","1074","131","0.44974650483945305","70","","-1.1455881595611572","-0.15213939547538757"
"egi-k1-4","a30yexha","finished","-","niklasdewally","Run: 20230529T1109","","","2023-05-29T21:55:06.000Z","2023-05-29T21:55:38.000Z","2023-05-29T21:55:38.000Z","32","","84346a77f289","","","","1","NVIDIA GeForce RTX 3060","50","100","32","0.01","0.01","10","europe","brazil","","","","","","","1","egi","-0.22479390365950935","0.5392721549504013","5995","399","0.3336572559883388","-0.23919103725632007","0.6363550051815452","1074","131","0.44974650483945305","","","-0.5948237180709839","-0.06687044352293015"
"egi-k1-3","1undul66","finished","-","niklasdewally","Run: 20230529T1109","","","2023-05-29T21:54:38.000Z","2023-05-29T21:54:59.000Z","2023-05-29T21:54:59.000Z","21","","84346a77f289","","","","1","NVIDIA GeForce RTX 3060","50","100","32","0.01","0.01","10","europe","brazil","","0.52","0.7633587786259542","46.79976512037582","","","1","egi","-0.22479390365950935","0.5392721549504013","5995","399","0.3336572559883388","-0.23919103725632007","0.6363550051815452","1074","131","0.44974650483945305","17","","-0.5610471367835999","-0.020947866141796112"
"egi-k1-2","epcedcvp","finished","-","niklasdewally","Run: 20230529T1109","","","2023-05-29T21:53:57.000Z","2023-05-29T21:54:35.000Z","2023-05-29T21:54:35.000Z","38","","84346a77f289","","","","1","NVIDIA GeForce RTX 3060","50","100","32","0.01","0.01","10","europe","brazil","","0.51","0.7786259541984732","52.67175572519083","","","1","egi","-0.22479390365950935","0.5392721549504013","5995","399","0.3336572559883388","-0.23919103725632007","0.6363550051815452","1074","131","0.44974650483945305","57","","-0.8047727346420288","-0.13463254272937775"
"egi-k1-1","dbapb3o5","finished","-","niklasdewally","Run: 20230529T1109","","","2023-05-29T21:53:21.000Z","2023-05-29T21:53:54.000Z","2023-05-29T21:53:54.000Z","33","","84346a77f289","","","","1","NVIDIA GeForce RTX 3060","50","100","32","0.01","0.01","10","europe","brazil","","0.49","0.7404580152671756","51.11388066677053","","","1","egi","-0.22479390365950935","0.5392721549504013","5995","399","0.3336572559883388","-0.23919103725632007","0.6363550051815452","1074","131","0.44974650483945305","44","","-0.828674852848053","-0.13172386586666107"
"egi-k1-0","o42zdri5","finished","-","niklasdewally","Run: 20230529T1109","","","2023-05-29T21:52:38.000Z","2023-05-29T21:53:18.000Z","2023-05-29T21:53:18.000Z","40","","84346a77f289","","","","1","NVIDIA GeForce RTX 3060","50","100","32","0.01","0.01","10","europe","brazil","","0.64","0.7022900763358778","9.732824427480908","","","1","egi","-0.22479390365950935","0.5392721549504013","5995","399","0.3336572559883388","-0.23919103725632007","0.6363550051815452","1074","131","0.44974650483945305","48","","-0.8332909345626831","-0.03741265833377838"
"triangle-k1-9","cxpfophk","finished","-","niklasdewally","Run: 20230529T1109","","","2023-05-29T21:47:42.000Z","2023-05-29T21:52:36.000Z","2023-05-29T21:52:36.000Z","294","","84346a77f289","","","","1","NVIDIA GeForce RTX 3060","50","100","32","0.01","0.01","10","europe","brazil","","0.46","0.7099236641221374","54.33123133089942","","","1","triangle","-0.22479390365950935","0.5392721549504013","5995","399","0.3336572559883388","-0.23919103725632007","0.6363550051815452","1074","131","0.44974650483945305","14","","-6.688603401184082","-0.650799572467804"
"triangle-k1-8","j8h1xy2e","finished","-","niklasdewally","Run: 20230529T1109","","","2023-05-29T21:43:13.000Z","2023-05-29T21:47:40.000Z","2023-05-29T21:47:40.000Z","267","","84346a77f289","","","","1","NVIDIA GeForce RTX 3060","50","100","32","0.01","0.01","10","europe","brazil","","0.47","0.7404580152671756","57.54425856748418","","","1","triangle","-0.22479390365950935","0.5392721549504013","5995","399","0.3336572559883388","-0.23919103725632007","0.6363550051815452","1074","131","0.44974650483945305","12","","-6.620950222015381","-0.12342149019241332"
"triangle-k1-7","nklgxfo9","finished","-","niklasdewally","Run: 20230529T1109","","","2023-05-29T21:36:43.000Z","2023-05-29T21:43:11.000Z","2023-05-29T21:43:11.000Z","388","","84346a77f289","","","","1","NVIDIA GeForce RTX 3060","50","100","32","0.01","0.01","10","europe","brazil","","0.34","0.6793893129770993","99.82038616973506","","","1","triangle","-0.22479390365950935","0.5392721549504013","5995","399","0.3336572559883388","-0.23919103725632007","0.6363550051815452","1074","131","0.44974650483945305","21","","-6.851645469665527","-0.8321413993835449"
"triangle-k1-6","knkdw2vu","finished","-","niklasdewally","Run: 20230529T1109","","","2023-05-29T21:32:02.000Z","2023-05-29T21:36:41.000Z","2023-05-29T21:36:41.000Z","279","","84346a77f289","","","","1","NVIDIA GeForce RTX 3060","50","100","32","0.01","0.01","10","europe","brazil","","0.42","0.4580152671755725","9.051254089422027","","","1","triangle","-0.22479390365950935","0.5392721549504013","5995","399","0.3336572559883388","-0.23919103725632007","0.6363550051815452","1074","131","0.44974650483945305","10","","-6.090080738067627","-0.6217911839485168"
"triangle-k1-5","67jzjwbm","finished","-","niklasdewally","Run: 20230529T1109","","","2023-05-29T21:28:17.000Z","2023-05-29T21:32:00.000Z","2023-05-29T21:32:00.000Z","223","","84346a77f289","","","","1","NVIDIA GeForce RTX 3060","50","100","32","0.01","0.01","10","europe","brazil","","0.52","0.6946564885496184","33.58778625954199","","","1","triangle","-0.22479390365950935","0.5392721549504013","5995","399","0.3336572559883388","-0.23919103725632007","0.6363550051815452","1074","131","0.44974650483945305","6","","-6.4854912757873535","-0.6687211990356445"
"triangle-k1-4","gcjxdl7e","finished","-","niklasdewally","Run: 20230529T1109","","","2023-05-29T21:24:31.000Z","2023-05-29T21:28:15.000Z","2023-05-29T21:28:15.000Z","224","","84346a77f289","","","","1","NVIDIA GeForce RTX 3060","50","100","32","0.01","0.01","10","europe","brazil","","0.49","0.732824427480916","49.55600560835021","","","1","triangle","-0.22479390365950935","0.5392721549504013","5995","399","0.3336572559883388","-0.23919103725632007","0.6363550051815452","1074","131","0.44974650483945305","6","","-6.102876663208008","0.05613964796066284"
"triangle-k1-3","rmho6bg5","finished","-","niklasdewally","Run: 20230529T1109","","","2023-05-29T21:19:55.000Z","2023-05-29T21:24:29.000Z","2023-05-29T21:24:29.000Z","274","","84346a77f289","","","","1","NVIDIA GeForce RTX 3060","50","100","32","0.01","0.01","10","europe","brazil","","0.44","0.7099236641221374","61.34628730048577","","","1","triangle","-0.22479390365950935","0.5392721549504013","5995","399","0.3336572559883388","-0.23919103725632007","0.6363550051815452","1074","131","0.44974650483945305","10","","-6.390136241912842","-0.5415096282958984"
"triangle-k1-2","qkosed1d","finished","-","niklasdewally","Run: 20230529T1109","","","2023-05-29T21:16:04.000Z","2023-05-29T21:19:53.000Z","2023-05-29T21:19:53.000Z","229","","84346a77f289","","","","1","NVIDIA GeForce RTX 3060","50","100","32","0.01","0.01","10","europe","brazil","","0.51","0.7175572519083969","40.69750037419547","","","1","triangle","-0.22479390365950935","0.5392721549504013","5995","399","0.3336572559883388","-0.23919103725632007","0.6363550051815452","1074","131","0.44974650483945305","6","","-6.5290985107421875","-0.7845911979675293"
"triangle-k1-1","ube58gw1","finished","-","niklasdewally","Run: 20230529T1109","","","2023-05-29T21:11:25.000Z","2023-05-29T21:16:01.000Z","2023-05-29T21:16:01.000Z","276","","84346a77f289","","","","1","NVIDIA GeForce RTX 3060","50","100","32","0.01","0.01","10","europe","brazil","","0.51","0.7404580152671756","45.187846130818734","","","1","triangle","-0.22479390365950935","0.5392721549504013","5995","399","0.3336572559883388","-0.23919103725632007","0.6363550051815452","1074","131","0.44974650483945305","10","","-6.310851573944092","-0.7509232759475708"
"triangle-k1-0","gkr54i3t","finished","-","niklasdewally","Run: 20230529T1109","","","2023-05-29T21:07:11.000Z","2023-05-29T21:11:23.000Z","2023-05-29T21:11:23.000Z","252","","84346a77f289","","","","1","NVIDIA GeForce RTX 3060","50","100","32","0.01","0.01","10","europe","brazil","","0.59","0.7022900763358778","19.032216328114888","","","1","triangle","-0.22479390365950935","0.5392721549504013","5995","399","0.3336572559883388","-0.23919103725632007","0.6363550051815452","1074","131","0.44974650483945305","10","","-6.892261505126953","-0.8283673524856567"
"triangle-k4-9","r7rg7cw7","finished","-","niklasdewally","Run: 20230529T1109","","","2023-05-29T20:28:19.000Z","2023-05-29T21:07:09.000Z","2023-05-29T21:07:09.000Z","2330","","84346a77f289","","","","1","NVIDIA GeForce RTX 3060","50","100","32","0.01","0.01","10","europe","brazil","","0.44","0.7786259541984732","76.96044413601665","","","4","triangle","-0.22479390365950935","0.5392721549504013","5995","399","0.3336572559883388","-0.23919103725632007","0.6363550051815452","1074","131","0.44974650483945305","5","","-10.086156845092772","555.5357666015625"
"triangle-k4-8","5uu314i2","finished","-","niklasdewally","Run: 20230529T1109","","","2023-05-29T19:59:43.000Z","2023-05-29T20:28:17.000Z","2023-05-29T20:28:17.000Z","1714","","84346a77f289","","","","1","NVIDIA GeForce RTX 3060","50","100","32","0.01","0.01","10","europe","brazil","","0.62","0.7251908396946565","16.966264466880077","","","4","triangle","-0.22479390365950935","0.5392721549504013","5995","399","0.3336572559883388","-0.23919103725632007","0.6363550051815452","1074","131","0.44974650483945305","5","","-9.491372108459473","24.580963134765625"
"triangle-k4-7","bupfz7tw","finished","-","niklasdewally","Run: 20230529T1109","","","2023-05-29T19:36:17.000Z","2023-05-29T19:59:40.000Z","2023-05-29T19:59:40.000Z","1403","","84346a77f289","","","","1","NVIDIA GeForce RTX 3060","50","100","32","0.01","0.01","10","europe","brazil","","0.54","0.7557251908396947","39.94910941475827","","","4","triangle","-0.22479390365950935","0.5392721549504013","5995","399","0.3336572559883388","-0.23919103725632007","0.6363550051815452","1074","131","0.44974650483945305","4","","-9.46086311340332","91.86355590820312"
"triangle-k4-6","qacgwa4y","finished","-","niklasdewally","Run: 20230529T1109","","","2023-05-29T18:39:30.000Z","2023-05-29T19:36:15.000Z","2023-05-29T19:36:15.000Z","3405","","84346a77f289","","","","1","NVIDIA GeForce RTX 3060","50","100","32","0.01","0.01","10","europe","brazil","","0.43","0.7022900763358778","63.323273566483216","","","4","triangle","-0.22479390365950935","0.5392721549504013","5995","399","0.3336572559883388","-0.23919103725632007","0.6363550051815452","1074","131","0.44974650483945305","27","","-10.136323928833008","9.170313835144045"
"triangle-k4-5","yc5kyojg","finished","-","niklasdewally","Run: 20230529T1109","","","2023-05-29T18:02:58.000Z","2023-05-29T18:39:28.000Z","2023-05-29T18:39:28.000Z","2190","","84346a77f289","","","","1","NVIDIA GeForce RTX 3060","50","100","32","0.01","0.01","10","europe","brazil","","0.57","0.7709923664122137","35.26181866880943","","","4","triangle","-0.22479390365950935","0.5392721549504013","5995","399","0.3336572559883388","-0.23919103725632007","0.6363550051815452","1074","131","0.44974650483945305","13","","-9.962203979492188","27.462108612060547"
"triangle-k4-4","6uak00wc","finished","-","niklasdewally","Run: 20230529T1109","","","2023-05-29T17:17:31.000Z","2023-05-29T18:02:56.000Z","2023-05-29T18:02:56.000Z","2725","","84346a77f289","","","","1","NVIDIA GeForce RTX 3060","50","100","32","0.01","0.01","10","europe","brazil","","0.48","0.7251908396946565","51.081424936386775","","","4","triangle","-0.22479390365950935","0.5392721549504013","5995","399","0.3336572559883388","-0.23919103725632007","0.6363550051815452","1074","131","0.44974650483945305","19","","-10.08251953125","15.077632904052734"
"triangle-k4-3","7rpn57o7","finished","-","niklasdewally","Run: 20230529T1109","","","2023-05-29T16:54:00.000Z","2023-05-29T17:17:29.000Z","2023-05-29T17:17:29.000Z","1409","","84346a77f289","","","","1","NVIDIA GeForce RTX 3060","50","100","32","0.01","0.01","10","europe","brazil","","0.57","0.7480916030534351","31.24414088656758","","","4","triangle","-0.22479390365950935","0.5392721549504013","5995","399","0.3336572559883388","-0.23919103725632007","0.6363550051815452","1074","131","0.44974650483945305","4","","-9.326786994934082","177.28518676757812"
"triangle-k4-2","fbozxs2q","finished","-","niklasdewally","Run: 20230529T1109","","","2023-05-29T16:29:01.000Z","2023-05-29T16:53:58.000Z","2023-05-29T16:53:58.000Z","1497","","84346a77f289","","","","1","NVIDIA GeForce RTX 3060","50","100","32","0.01","0.01","10","europe","brazil","","0.56","0.7862595419847328","40.40348964013084","","","4","triangle","-0.22479390365950935","0.5392721549504013","5995","399","0.3336572559883388","-0.23919103725632007","0.6363550051815452","1074","131","0.44974650483945305","5","","-9.92554759979248","102.45840454101562"
"triangle-k4-1","h5lq2r1z","finished","-","niklasdewally","Run: 20230529T1109","","","2023-05-29T16:05:40.000Z","2023-05-29T16:28:59.000Z","2023-05-29T16:28:59.000Z","1399","","84346a77f289","","","","1","NVIDIA GeForce RTX 3060","50","100","32","0.01","0.01","10","europe","brazil","","0.54","0.7633587786259542","41.36273678258411","","","4","triangle","-0.22479390365950935","0.5392721549504013","5995","399","0.3336572559883388","-0.23919103725632007","0.6363550051815452","1074","131","0.44974650483945305","4","","-9.611080169677734","39.7242546081543"
"triangle-k4-0","iajtaagg","finished","-","niklasdewally","Run: 20230529T1109","","","2023-05-29T15:38:02.000Z","2023-05-29T16:05:37.000Z","2023-05-29T16:05:37.000Z","1655","","84346a77f289","","","","1","NVIDIA GeForce RTX 3060","50","100","32","0.01","0.01","10","europe","brazil","","0.57","0.7633587786259542","33.9225927413955","","","4","triangle","-0.22479390365950935","0.5392721549504013","5995","399","0.3336572559883388","-0.23919103725632007","0.6363550051815452","1074","131","0.44974650483945305","7","","-9.79694938659668","22.08275032043457"
"egi-k2-9","mcbgqo63","finished","-","niklasdewally","Run: 20230529T1109","","","2023-05-29T15:37:21.000Z","2023-05-29T15:38:00.000Z","2023-05-29T15:38:00.000Z","39","","84346a77f289","","","","1","NVIDIA GeForce RTX 3060","50","100","32","0.01","0.01","10","europe","brazil","","0.55","0.7557251908396947","37.40458015267175","","","2","egi","-0.22479390365950935","0.5392721549504013","5995","399","0.3336572559883388","-0.23919103725632007","0.6363550051815452","1074","131","0.44974650483945305","10","","-1.0793184041976929","0.3882950842380524"
"egi-k2-8","v87csigf","finished","-","niklasdewally","Run: 20230529T1109","","","2023-05-29T15:36:02.000Z","2023-05-29T15:37:19.000Z","2023-05-29T15:37:19.000Z","77","","84346a77f289","","","","1","NVIDIA GeForce RTX 3060","50","100","32","0.01","0.01","10","europe","brazil","","0.51","0.5572519083969466","9.265080077832666","","","2","egi","-0.22479390365950935","0.5392721549504013","5995","399","0.3336572559883388","-0.23919103725632007","0.6363550051815452","1074","131","0.44974650483945305","38","","-1.418720245361328","-0.1866939961910248"
"egi-k2-7","hl8yrsf4","finished","-","niklasdewally","Run: 20230529T1109","","","2023-05-29T15:34:04.000Z","2023-05-29T15:36:00.000Z","2023-05-29T15:36:00.000Z","116","","84346a77f289","","","","1","NVIDIA GeForce RTX 3060","50","100","32","0.01","0.01","10","europe","brazil","","0.54","0.7633587786259542","41.36273678258411","","","2","egi","-0.22479390365950935","0.5392721549504013","5995","399","0.3336572559883388","-0.23919103725632007","0.6363550051815452","1074","131","0.44974650483945305","65","","-1.693745255470276","-0.17206455767154694"
"egi-k2-6","tao1rhyr","finished","-","niklasdewally","Run: 20230529T1109","","","2023-05-29T15:33:26.000Z","2023-05-29T15:34:02.000Z","2023-05-29T15:34:02.000Z","36","","84346a77f289","","","","1","NVIDIA GeForce RTX 3060","50","100","32","0.01","0.01","10","europe","brazil","","0.49","0.7633587786259542","55.78750584203148","","","2","egi","-0.22479390365950935","0.5392721549504013","5995","399","0.3336572559883388","-0.23919103725632007","0.6363550051815452","1074","131","0.44974650483945305","9","","-1.4256374835968018","2.7043612003326416"
"egi-k2-5","rh0ypou4","finished","-","niklasdewally","Run: 20230529T1109","","","2023-05-29T15:31:58.000Z","2023-05-29T15:33:24.000Z","2023-05-29T15:33:24.000Z","86","","84346a77f289","","","","1","NVIDIA GeForce RTX 3060","50","100","32","0.01","0.01","10","europe","brazil","","0.34","0.7251908396946565","113.29142343960484","","","2","egi","-0.22479390365950935","0.5392721549504013","5995","399","0.3336572559883388","-0.23919103725632007","0.6363550051815452","1074","131","0.44974650483945305","44","","-1.3056869506835938","-0.21046367287635803"
"egi-k2-4","4rnip86b","finished","-","niklasdewally","Run: 20230529T1109","","","2023-05-29T15:31:10.000Z","2023-05-29T15:31:56.000Z","2023-05-29T15:31:56.000Z","46","","84346a77f289","","","","1","NVIDIA GeForce RTX 3060","50","100","32","0.01","0.01","10","europe","brazil","","0.49","0.648854961832061","32.41937996572675","","","2","egi","-0.22479390365950935","0.5392721549504013","5995","399","0.3336572559883388","-0.23919103725632007","0.6363550051815452","1074","131","0.44974650483945305","16","","-1.451615571975708","-0.17515510320663452"
"egi-k2-3","lqiippjy","finished","-","niklasdewally","Run: 20230529T1109","","","2023-05-29T15:30:06.000Z","2023-05-29T15:31:08.000Z","2023-05-29T15:31:08.000Z","62","","84346a77f289","","","","1","NVIDIA GeForce RTX 3060","50","100","32","0.01","0.01","10","europe","brazil","","0.58","0.5114503816793893","-11.818899710450118","","","2","egi","-0.22479390365950935","0.5392721549504013","5995","399","0.3336572559883388","-0.23919103725632007","0.6363550051815452","1074","131","0.44974650483945305","27","","-1.4597864151000977","-0.18776610493659973"
"egi-k2-2","1izsqkxq","finished","-","niklasdewally","Run: 20230529T1109","","","2023-05-29T15:29:12.000Z","2023-05-29T15:30:04.000Z","2023-05-29T15:30:04.000Z","52","","84346a77f289","","","","1","NVIDIA GeForce RTX 3060","50","100","32","0.01","0.01","10","europe","brazil","","0.42","0.7709923664122137","83.56961105052709","","","2","egi","-0.22479390365950935","0.5392721549504013","5995","399","0.3336572559883388","-0.23919103725632007","0.6363550051815452","1074","131","0.44974650483945305","20","","-1.0946645736694336","-0.02184079587459564"
"egi-k2-1","4r0op7zq","finished","-","niklasdewally","Run: 20230529T1109","","","2023-05-29T15:27:47.000Z","2023-05-29T15:29:10.000Z","2023-05-29T15:29:10.000Z","83","","84346a77f289","","","","1","NVIDIA GeForce RTX 3060","50","100","32","0.01","0.01","10","europe","brazil","","0.55","0.732824427480916","33.24080499653018","","","2","egi","-0.22479390365950935","0.5392721549504013","5995","399","0.3336572559883388","-0.23919103725632007","0.6363550051815452","1074","131","0.44974650483945305","42","","-1.2500852346420288","-0.22306907176971436"
"egi-k2-0","m104e9vj","finished","-","niklasdewally","Run: 20230529T1109","","","2023-05-29T15:27:02.000Z","2023-05-29T15:27:44.000Z","2023-05-29T15:27:44.000Z","42","","84346a77f289","","","","1","NVIDIA GeForce RTX 3060","50","100","32","0.01","0.01","10","europe","brazil","","0.47","0.6335877862595419","34.80591197011531","","","2","egi","-0.22479390365950935","0.5392721549504013","5995","399","0.3336572559883388","-0.23919103725632007","0.6363550051815452","1074","131","0.44974650483945305","13","","-1.098463773727417","-0.05783064663410187"
"triangle-k3-9","0ciqsnq4","finished","-","niklasdewally","Run: 20230529T1109","","","2023-05-29T14:56:12.000Z","2023-05-29T15:27:00.000Z","2023-05-29T15:27:00.000Z","1848","","84346a77f289","","","","1","NVIDIA GeForce RTX 3060","50","100","32","0.01","0.01","10","europe","brazil","","0.56","0.7022900763358778","25.40894220283531","","","3","triangle","-0.22479390365950935","0.5392721549504013","5995","399","0.3336572559883388","-0.23919103725632007","0.6363550051815452","1074","131","0.44974650483945305","19","","-9.739068031311035","39.85831069946289"
"triangle-k3-8","jrs18bx6","finished","-","niklasdewally","Run: 20230529T1109","","","2023-05-29T14:31:24.000Z","2023-05-29T14:56:10.000Z","2023-05-29T14:56:10.000Z","1486","","84346a77f289","","","","1","NVIDIA GeForce RTX 3060","50","100","32","0.01","0.01","10","europe","brazil","","0.43","0.7786259541984732","81.07580330197052","","","3","triangle","-0.22479390365950935","0.5392721549504013","5995","399","0.3336572559883388","-0.23919103725632007","0.6363550051815452","1074","131","0.44974650483945305","13","","-9.601338386535645","223.4052734375"
"triangle-k3-7","1iuwy0qc","finished","-","niklasdewally","Run: 20230529T1109","","","2023-05-29T14:02:37.000Z","2023-05-29T14:31:22.000Z","2023-05-29T14:31:22.000Z","1725","","84346a77f289","","","","1","NVIDIA GeForce RTX 3060","50","100","32","0.01","0.01","10","europe","brazil","","0.5","0.6106870229007634","22.137404580152676","","","3","triangle","-0.22479390365950935","0.5392721549504013","5995","399","0.3336572559883388","-0.23919103725632007","0.6363550051815452","1074","131","0.44974650483945305","17","","-9.927789688110352","-0.8493325114250183"
"triangle-k3-6","u446wtc1","finished","-","niklasdewally","Run: 20230529T1109","","","2023-05-29T13:34:03.000Z","2023-05-29T14:02:34.000Z","2023-05-29T14:02:34.000Z","1711","","84346a77f289","","","","1","NVIDIA GeForce RTX 3060","50","100","32","0.01","0.01","10","europe","brazil","","0.4","0.7251908396946565","81.2977099236641","","","3","triangle","-0.22479390365950935","0.5392721549504013","5995","399","0.3336572559883388","-0.23919103725632007","0.6363550051815452","1074","131","0.44974650483945305","17","","-9.871119499206545","90.1446762084961"
"triangle-k3-5","1rrmtu6k","finished","-","niklasdewally","Run: 20230529T1109","","","2023-05-29T13:13:13.000Z","2023-05-29T13:34:01.000Z","2023-05-29T13:34:01.000Z","1248","","84346a77f289","","","","1","NVIDIA GeForce RTX 3060","50","100","32","0.01","0.01","10","europe","brazil","","0.48","0.6564885496183206","36.768447837150134","","","3","triangle","-0.22479390365950935","0.5392721549504013","5995","399","0.3336572559883388","-0.23919103725632007","0.6363550051815452","1074","131","0.44974650483945305","9","","-9.481910705566406","60.14904022216797"
"triangle-k3-4","fjj471px","finished","-","niklasdewally","Run: 20230529T1109","","","2023-05-29T12:45:17.000Z","2023-05-29T13:13:11.000Z","2023-05-29T13:13:11.000Z","1674","","84346a77f289","","","","1","NVIDIA GeForce RTX 3060","50","100","32","0.01","0.01","10","europe","brazil","","0.43","0.7480916030534351","73.97479140777563","","","3","triangle","-0.22479390365950935","0.5392721549504013","5995","399","0.3336572559883388","-0.23919103725632007","0.6363550051815452","1074","131","0.44974650483945305","16","","-9.89585018157959","6.588807582855225"
"triangle-k3-3","x721od4s","finished","-","niklasdewally","Run: 20230529T1109","","","2023-05-29T12:20:34.000Z","2023-05-29T12:45:15.000Z","2023-05-29T12:45:15.000Z","1481","","84346a77f289","","","","1","NVIDIA GeForce RTX 3060","50","100","32","0.01","0.01","10","europe","brazil","","0.43","0.7022900763358778","63.323273566483216","","","3","triangle","-0.22479390365950935","0.5392721549504013","5995","399","0.3336572559883388","-0.23919103725632007","0.6363550051815452","1074","131","0.44974650483945305","13","","-9.175585746765137","-0.6502271890640259"
"triangle-k3-2","c6l0fqh2","finished","-","niklasdewally","Run: 20230529T1109","","","2023-05-29T11:48:12.000Z","2023-05-29T12:20:32.000Z","2023-05-29T12:20:32.000Z","1940","","84346a77f289","","","","1","NVIDIA GeForce RTX 3060","50","100","32","0.01","0.01","10","europe","brazil","","0.56","0.6870229007633588","22.682660850599778","","","3","triangle","-0.22479390365950935","0.5392721549504013","5995","399","0.3336572559883388","-0.23919103725632007","0.6363550051815452","1074","131","0.44974650483945305","21","","-9.90639305114746","0.8284098505973816"
"triangle-k3-1","b4dpmg9t","finished","-","niklasdewally","Run: 20230529T1109","","","2023-05-29T11:31:17.000Z","2023-05-29T11:48:10.000Z","2023-05-29T11:48:10.000Z","1013","","84346a77f289","","","","1","NVIDIA GeForce RTX 3060","50","100","32","0.01","0.01","10","europe","brazil","","0.45","0.7404580152671756","64.5462256149279","","","3","triangle","-0.22479390365950935","0.5392721549504013","5995","399","0.3336572559883388","-0.23919103725632007","0.6363550051815452","1074","131","0.44974650483945305","5","","-9.716995239257812","12.99621295928955"
"triangle-k3-0","gb658yyx","finished","-","niklasdewally","Run: 20230529T1109","","","2023-05-29T11:09:51.000Z","2023-05-29T11:31:15.000Z","2023-05-29T11:31:15.000Z","1284","","84346a77f289","","","","1","NVIDIA GeForce RTX 3060","50","100","32","0.01","0.01","10","europe","brazil","","0.6","0.7022900763358778","17.04834605597964","","","3","triangle","-0.22479390365950935","0.5392721549504013","5995","399","0.3336572559883388","-0.23919103725632007","0.6363550051815452","1074","131","0.44974650483945305","10","","-9.033872604370115","29.57126808166504"